"Name","Team","G","AB","PA","H","1B","2B","3B","HR","BB","IBB","HBP","SF","SH","WAR","BABIP","Bat","wRC+","playerid"
"Mookie Betts","Red Sox","136","520","614","180","96","47","5","32","81","8","8","5","0","10.4",".368","62.2","185","13611"
"Mike Trout","Angels","140","471","608","147","80","24","4","39","122","25","10","4","0","9.8",".346","66.1","191","10155"
"J.D. Martinez","Red Sox","150","569","649","188","106","37","2","43","69","11","4","7","0","5.9",".375","54.4","170","6184"
"Christian Yelich","Brewers","147","574","651","187","110","34","7","36","68","2","7","2","0","7.6",".373","52.6","166","11477"
"Alex Bregman","Astros","157","594","705","170","87","51","1","31","96","2","12","3","0","7.6",".289","48.0","157","17678"
"Jose Ramirez","Indians","157","578","698","156","75","38","4","39","106","15","8","6","0","8.0",".252","38.5","146","13510"
"Nolan Arenado","Rockies","156","590","673","175","97","38","2","38","73","10","3","6","1","5.7",".314","26.0","132","9777"
"Paul Goldschmidt","Diamondbacks","158","593","690","172","99","35","5","33","90","11","6","0","0","5.1",".359","37.5","145","9218"
"Brandon Nimmo","Mets","140","433","535","114","61","28","8","17","80","2","22","0","0","4.5",".351","31.9","149","12927"
"Trevor Story","Rockies","157","598","656","174","89","42","6","37","47","3","7","4","0","5.0",".345","21.7","127","12564"
"Anthony Rendon","Nationals","136","529","597","163","93","44","2","24","55","5","5","8","0","6.3",".323","28.8","140","12861"
"Freddie Freeman","Braves","162","618","707","191","120","44","4","23","76","12","7","6","0","5.2",".358","31.6","137","5361"
"Manny Machado","- - -","162","632","709","188","113","35","3","37","70","18","2","5","0","6.2",".304","34.5","141","11493"
"Eugenio Suarez","Reds","143","527","606","149","91","22","2","34","64","7","9","6","0","3.9",".322","26.1","135","12552"
"Bryce Harper","Nationals","159","550","695","137","69","34","0","34","130","16","6","9","0","3.5",".289","29.5","135","11579"
"Matt Carpenter","Cardinals","156","564","677","145","67","42","0","36","102","17","6","4","0","5.0",".291","31.7","138","8090"
"Jesus Aguilar","Brewers","149","492","566","135","75","25","0","35","58","3","6","10","0","3.1",".309","23.5","134","11342"
"Xander Bogaerts","Red Sox","136","513","580","148","77","45","3","23","55","4","6","6","0","4.9",".317","22.8","133","12161"
"Joey Votto","Reds","145","503","623","143","101","28","2","12","108","6","9","3","0","3.5",".333","23.4","131","4314"
"Matt Chapman","Athletics","145","547","616","152","80","42","6","24","58","0","9","2","0","6.5",".338","27.4","137","16505"
"Francisco Lindor","Indians","158","661","745","183","101","42","2","38","70","7","8","3","3","7.6",".279","27.1","130","12916"
"David Peralta","Diamondbacks","146","560","614","164","104","25","5","30","48","4","4","2","0","3.8",".328","22.5","130","2136"
"Charlie Blackmon","Rockies","156","626","696","182","115","31","7","29","59","2","8","2","1","2.8",".329","13.8","116","7859"
"Mitch Haniger","Mariners","157","596","683","170","102","38","4","26","70","4","10","7","0","4.6",".336","31.0","138","14274"
"Javier Baez","Cubs","160","606","645","176","93","40","9","34","29","8","5","4","1","5.3",".347","24.1","131","12979"
"Khris Davis","Athletics","151","576","654","142","65","28","1","48","59","5","12","7","0","2.6",".261","27.0","135","9112"
"Jose Altuve","Astros","137","534","599","169","125","29","2","13","55","4","6","1","3","4.9",".352","25.0","135","5417"
"Rhys Hoskins","Phillies","153","558","660","137","65","38","0","34","87","2","9","5","0","2.9",".272","23.3","129","16472"
"Nicholas Castellanos","Tigers","157","620","678","185","111","46","5","23","49","5","6","3","0","3.0",".361","24.6","130","11737"
"Scooter Gennett","Reds","154","584","638","181","125","30","3","23","42","3","4","5","3","4.5",".358","19.8","125","10339"
"Miguel Andujar","Yankees","149","573","606","170","94","47","2","27","25","2","4","4","0","2.7",".316","20.3","128","15878"
"Nelson Cruz","Mariners","144","519","591","133","77","18","1","37","55","5","14","3","0","2.5",".264","24.1","134","2434"
"Aaron Hicks","Yankees","137","480","581","119","71","18","3","27","90","1","3","6","2","4.9",".264","19.0","127","5297"
"Giancarlo Stanton","Yankees","158","617","705","164","91","34","1","38","70","5","8","10","0","4.2",".333","22.9","127","4949"
"Lorenzo Cain","Brewers","141","539","620","166","129","25","2","10","71","1","8","2","0","5.7",".357","18.2","124","9077"
"Michael Brantley","Indians","143","570","631","176","121","36","2","17","48","0","5","6","1","3.5",".319","18.0","124","4106"
"Anthony Rizzo","Cubs","153","566","665","160","105","29","1","25","70","15","20","9","0","2.9",".287","20.7","125","3473"
"Tommy Pham","- - -","137","494","570","136","91","18","6","21","67","2","6","3","0","4.0",".342","19.6","129","2967"
"Andrew Benintendi","Red Sox","148","579","661","168","105","41","6","16","71","1","2","7","2","4.3",".328","17.6","122","17901"
"Jose Martinez","Cardinals","152","534","590","163","116","30","0","17","49","0","2","3","2","2.3",".351","18.2","125","7996"
"Shin-Soo Choo","Rangers","146","560","665","148","96","30","1","21","92","2","10","2","1","2.4",".330","14.4","118","3174"
"Ben Zobrist","Cubs","139","455","520","139","99","28","3","9","55","1","2","7","1","3.6",".331","14.4","123","7435"
"Gregory Polanco","Pirates","130","461","535","117","56","32","6","23","61","5","3","7","0","2.5",".287","15.3","123","12907"
"J.T. Realmuto","Marlins","125","477","531","132","78","30","3","21","38","0","10","4","0","4.8",".312","17.2","126","11739"
"Yasmani Grandal","Dodgers","140","440","518","106","57","23","2","24","72","1","3","3","0","3.6",".278","15.6","125","11368"
"Stephen Piscotty","Athletics","151","546","605","146","78","41","0","27","42","0","12","5","0","3.0",".290","17.8","125","13367"
"Travis Shaw","Brewers","152","498","587","120","65","23","0","32","78","6","4","6","1","3.6",".242","13.3","119","11982"
"Didi Gregorius","Yankees","134","504","569","135","80","23","5","27","48","3","7","9","1","4.6",".259","14.1","121","6012"
"Whit Merrifield","Royals","158","632","707","192","134","43","3","12","61","2","6","6","2","5.2",".352","16.9","120","11281"
"Justin Smoak","Blue Jays","147","505","594","122","63","34","0","25","83","2","3","3","0","1.7",".297","15.2","121","9054"
"Justin Upton","Angels","145","533","613","137","88","18","1","30","64","1","10","6","0","3.1",".321","17.4","124","5222"
"Matt Kemp","Dodgers","146","462","506","134","88","25","0","21","36","2","1","7","0","1.6",".339","13.8","122","5631"
"Jed Lowrie","Athletics","157","596","680","159","98","37","1","23","78","1","3","3","0","4.9",".304","18.2","122","4418"
"Andrew McCutchen","- - -","155","569","682","145","92","30","3","20","95","1","11","7","0","2.6",".304","16.7","120","9847"
"C.J. Cron","Rays","140","501","560","127","68","28","1","30","37","2","17","5","0","2.1",".293","15.0","122","12546"
"Johan Camargo","Braves","134","464","524","126","79","27","1","19","51","4","6","3","0","3.3",".315","9.9","115","14950"
"Edwin Encarnacion","Indians","137","500","579","123","74","16","1","32","63","2","8","7","0","1.0",".265","10.6","115","2151"
"Eduardo Escobar","- - -","151","566","631","154","80","48","3","23","52","8","5","8","0","3.5",".308","12.5","117","6153"
"Cody Bellinger","Dodgers","162","557","632","145","85","28","7","25","69","9","3","3","0","3.6",".313","15.7","120","15998"
"Nick Markakis","Braves","162","623","705","185","126","43","2","14","72","10","1","9","0","2.6",".318","12.4","114","5930"
"Joey Gallo","Rangers","148","500","577","103","38","24","1","40","74","4","3","0","0","2.8",".249","6.7","110","14128"
"Kyle Schwarber","Cubs","137","428","510","102","59","14","3","26","78","20","1","2","1","3.2",".288","9.2","115","16478"
"Michael Conforto","Mets","153","543","638","132","78","25","1","28","84","8","7","4","0","3.0",".289","15.7","120","16376"
"Jurickson Profar","Rangers","146","524","594","133","72","35","6","20","54","1","12","4","0","2.9",".269","5.9","108","10815"
"Corey Dickerson","Pirates","135","504","533","151","96","35","7","13","21","4","4","4","0","2.7",".333","9.8","115","10762"
"Eddie Rosario","Twins","138","559","592","161","104","31","2","24","30","5","0","2","1","3.4",".316","9.2","113","12155"
"Matt Olson","Athletics","162","580","660","143","81","33","0","29","70","3","8","2","0","3.4",".292","13.6","117","14344"
"George Springer","Astros","140","544","620","144","96","26","0","22","64","0","5","3","0","2.9",".303","13.9","119","12856"
"Mallex Smith","Rays","141","480","544","142","103","27","10","2","47","0","8","2","7","3.4",".366","11.2","117","13608"
"Joey Wendle","Rays","139","487","545","146","100","33","6","7","37","4","9","10","2","3.7",".353","10.5","116","13853"
"Jose Abreu","White Sox","128","499","553","132","73","36","1","22","37","7","11","6","0","1.2",".294","9.5","114","15676"
"Starling Marte","Pirates","145","559","606","155","98","32","5","20","35","2","8","3","1","3.7",".312","9.3","113","9241"
"Josh Bell","Pirates","148","501","583","131","84","31","4","12","77","2","0","5","0","0.9",".305","8.3","112","13145"
"Chris Taylor","Dodgers","155","536","604","136","76","35","8","17","55","0","9","4","0","3.1",".345","9.8","113","13757"
"Carlos Santana","Phillies","161","560","679","128","74","28","2","24","110","6","1","8","0","1.9",".231","7.4","109","2396"
"Brian Anderson","Marlins","156","590","670","161","112","34","4","11","62","2","16","2","0","3.4",".332","10.7","113","18289"
"Asdrubal Cabrera","- - -","147","546","592","143","83","36","1","23","41","1","3","2","0","2.7",".296","8.2","111","4962"
"Trea Turner","Nationals","162","664","740","180","128","27","6","19","69","3","5","0","2","4.8",".314","4.6","105","16252"
"Ketel Marte","Diamondbacks","153","520","580","135","83","26","12","14","54","3","3","2","1","2.5",".282","3.2","104","13613"
"Mike Moustakas","- - -","152","573","635","144","82","33","1","28","49","5","7","6","0","2.4",".259","4.0","105","4892"
"Teoscar Hernandez","Blue Jays","134","476","523","114","56","29","7","22","41","0","3","3","0","0.3",".313","4.4","107","13066"
"Marcell Ozuna","Cardinals","148","582","628","163","122","16","2","23","38","2","3","4","0","2.7",".309","4.5","106","10324"
"Jean Segura","Mariners","144","586","632","178","136","29","3","10","32","2","4","6","4","3.8",".327","8.0","111","5933"
"Derek Dietrich","Marlins","149","499","551","132","88","26","2","16","29","2","21","2","0","0.8",".336","5.8","109","10542"
"Andrelton Simmons","Angels","146","554","600","162","120","26","5","11","35","2","5","5","1","5.5",".300","6.2","109","10847"
"Rougned Odor","Rangers","129","474","535","120","77","23","2","18","43","2","11","5","2","2.5",".305","-1.9","97","12282"
"Justin Bour","- - -","141","423","501","96","62","13","1","20","73","6","2","3","0","0.5",".270","4.2","107","9744"
"Ozzie Albies","Braves","158","639","684","167","98","40","5","24","36","0","5","3","1","3.8",".285","0.4","100","16556"
"Nomar Mazara","Rangers","128","489","536","126","80","25","1","20","40","2","4","3","0","1.0",".298","-2.3","96","14553"
"Yuli Gurriel","Astros","136","537","573","156","109","33","1","13","23","0","6","7","0","1.2",".306","5.1","107","19198"
"Matt Duffy","Rays","132","503","560","148","121","22","1","4","47","1","7","2","1","2.4",".353","4.1","106","13836"
"Yadier Molina","Cardinals","123","459","503","120","80","20","0","20","29","0","9","6","0","2.2",".264","2.0","103","7007"
"DJ LeMahieu","Rockies","128","533","581","147","98","32","2","15","37","0","2","7","2","2.0",".298","-9.9","86","9874"
"Willson Contreras","Cubs","138","474","544","118","76","27","5","10","53","2","13","2","2","2.6",".313","0.1","100","11609"
"Cesar Hernandez","Phillies","161","605","708","153","120","15","3","15","95","4","4","3","1","2.2",".315","0.1","100","10556"
"Yonder Alonso","Indians","145","516","574","129","87","19","0","23","51","1","2","5","0","0.7",".283","-2.2","97","2530"
"Jose Peraza","Reds","157","632","683","182","133","31","4","14","29","4","9","5","8","2.7",".307","-2.5","97","13593"
"Joe Mauer","Twins","127","486","543","137","103","27","1","6","51","5","2","3","1","1.0",".330","-1.0","98","1857"
"Marwin Gonzalez","Astros","145","489","552","121","77","25","3","16","53","3","3","2","5","1.6",".301","2.4","104","5497"
"Max Kepler","Twins","156","532","611","119","65","30","4","20","71","2","5","3","0","2.6",".236","-2.3","97","12144"
"Starlin Castro","Marlins","154","593","647","165","119","32","2","12","48","3","0","6","0","2.3",".330","1.0","101","4579"
"Adam Jones","Orioles","145","580","613","163","113","35","0","15","24","1","5","4","0","0.5",".311","-1.7","98","6368"
"Ian Desmond","Rockies","160","555","619","131","80","21","8","22","53","0","6","4","1","-0.7",".279","-14.3","81","6885"
"Odubel Herrera","Phillies","148","550","597","140","96","19","3","22","38","3","7","1","1","0.9",".290","-2.5","97","11476"
"Jonathan Villar","- - -","141","466","515","121","92","14","1","14","41","0","5","2","1","2.0",".339","-3.9","94","10071"
"Yoan Moncada","White Sox","149","578","650","136","81","32","6","17","67","1","1","2","2","2.0",".344","-2.5","97","17232"
"Jeimer Candelario","Tigers","144","539","619","121","71","28","3","19","66","1","9","5","0","2.5",".279","-3.9","95","13621"
"Jackie Bradley Jr.","Red Sox","144","474","535","111","61","33","4","13","46","3","11","4","0","2.8",".299","-6.3","90","12984"
"Eric Hosmer","Padres","157","613","677","155","104","31","2","18","62","10","1","1","0","-0.1",".302","-4.0","95","3516"
"Ender Inciarte","Braves","156","597","660","158","115","27","6","10","49","1","6","4","4","2.9",".293","-7.9","90","4922"
"Jason Kipnis","Indians","147","530","601","122","75","28","1","18","60","1","7","3","1","2.1",".258","-7.6","89","9776"
"Trey Mancini","Orioles","156","582","636","141","91","23","3","24","44","1","5","5","0","-0.2",".285","-5.7","93","15149"
"Marcus Semien","Athletics","159","632","703","161","109","35","2","15","61","1","1","7","2","3.7",".296","-4.1","95","12533"
"Tucker Barnhart","Reds","138","460","522","114","80","21","3","10","54","2","2","3","3","1.1",".291","-7.0","89","10200"
"Brandon Crawford","Giants","151","531","594","135","91","28","2","14","50","13","8","5","0","1.9",".303","-5.1","93","5343"
"Brett Gardner","Yankees","140","530","609","125","86","20","7","12","65","0","5","5","4","2.5",".272","-7.5","90","9927"
"Alex Gordon","Royals","141","506","568","124","87","24","0","13","50","4","10","2","0","1.6",".299","-7.2","89","5209"
"Salvador Perez","Royals","129","510","544","120","70","23","0","27","17","0","12","5","0","1.7",".245","-7.1","89","7304"
"Brian Dozier","- - -","151","553","632","119","66","30","2","21","70","1","4","5","0","0.8",".240","-8.0","90","9810"
"Kevin Pillar","Blue Jays","142","512","542","129","72","40","2","15","18","0","6","6","0","2.0",".281","-7.0","89","12434"
"Jon Jay","- - -","143","527","586","141","112","19","7","3","33","0","18","3","5","0.8",".319","-9.8","86","5227"
"Nick Ahmed","Diamondbacks","153","516","564","121","67","33","5","16","40","2","2","5","1","1.7",".265","-10.9","84","12147"
"Ian Kinsler","- - -","128","487","534","117","77","26","0","14","40","0","4","3","0","2.3",".250","-8.1","87","6195"
"Yolmer Sanchez","White Sox","155","600","662","145","93","34","10","8","49","0","8","3","2","1.7",".300","-10.4","87","11602"
"Ryon Healy","Mariners","133","493","524","116","77","15","0","24","27","0","2","2","0","-0.8",".257","-6.3","90","15447"
"Evan Longoria","Giants","125","480","512","117","72","25","4","16","22","3","5","5","0","0.4",".274","-9.1","85","9368"
"Tim Anderson","White Sox","153","567","606","136","85","28","3","20","30","2","4","3","2","2.0",".289","-10.7","85","15172"
"Freddy Galvis","Padres","162","602","656","149","100","31","5","13","45","2","2","6","1","1.2",".304","-12.1","85","6609"
"Dansby Swanson","Braves","136","478","533","114","71","25","4","14","44","15","2","3","6","1.9",".290","-13.3","80","18314"
"Amed Rosario","Mets","154","554","592","142","99","26","8","9","29","4","3","3","3","1.5",".310","-10.6","85","15518"
"Manuel Margot","Padres","141","477","519","117","75","26","8","8","32","4","2","7","1","0.6",".281","-12.2","81","14712"
"Kyle Seager","Mariners","155","583","630","129","70","36","1","22","38","3","5","4","0","1.6",".251","-11.9","84","9785"
"Yangervis Solarte","Blue Jays","122","468","506","106","69","20","0","17","31","1","3","3","1","-1.3",".233","-14.0","77","5352"
"Kole Calhoun","Angels","137","491","552","102","63","18","2","19","53","2","1","6","0","0.0",".241","-13.5","79","11200"
"Miguel Rojas","Marlins","153","488","528","123","99","13","0","11","24","2","9","4","2","1.0",".272","-13.7","79","7802"
"Victor Martinez","Tigers","133","467","508","117","87","21","0","9","32","4","2","7","0","-1.7",".260","-15.4","75","393"
"Billy Hamilton","Reds","153","504","556","119","90","16","9","4","46","0","1","4","1","1.3",".309","-21.0","69","10199"
"Dee Gordon","Mariners","141","556","588","149","120","17","8","4","9","0","9","5","9","0.0",".304","-16.4","77","8203"
"Alcides Escobar","Royals","140","485","531","112","83","22","3","4","29","1","5","4","8","-0.3",".263","-25.6","60","6310"
"Chris Davis","Orioles","128","470","522","79","51","12","0","16","41","2","7","4","0","-3.1",".237","-34.0","46","9272"
